nombre_usuario,password,genero,fecha_nacimiento,contador_tweets,intereses
abmgiuvna33,lsc92xff4th,M,1998-01-27,61369,"tecnología, fotografía"
kxtbefopz64,htp43fvj2fi,M,1996-11-05,76442,"literatura, finanzas, fotografía"
rhpvvlyju84,txw91vra0ra,F,1968-11-17,9751,"arte, fotografía, finanzas"
rvbkpunop27,cnf97dcf5mx,F,1953-12-23,45133,"arte, música, tecnología"
rcrbbnyzr45,lea75aoj5up,O,1994-07-31,56668,"tecnología, finanzas, arte, música"
hhgepcmuq98,etg14dqg2of,O,1963-06-07,44822,música
nftuzdhpt18,fbd03xrw5dm,M,1960-08-23,27876,"fotografía, tecnología, deportes"
vsieuwhzu60,oge71tpt6gr,M,1996-09-02,72411,
ztbdlmqoh34,nny82xzn5qg,F,1983-02-08,82806,tecnología
cladiqvvl19,iyp43eir1un,F,1978-10-20,81086,
xhiqioddu23,brt78kue5wl,O,1954-10-21,83506,"fotografía, deportes, tecnología, música, literatura"
tcxyifvbc79,jli37hfz4yj,O,1958-02-19,25947,"finanzas, música, deportes, tecnología"
vpdmnhtgm03,wjn18yhe2qb,M,1957-03-03,97065,
eagorwcad58,rwr66tfz8rc,M,1982-12-27,33747,"finanzas, literatura, deportes, arte"
zhqalklqh92,obi98bae5pk,F,1959-07-19,59564,"finanzas, tecnología, fotografía, deportes, arte"
vluczmljf10,ysn33xcu9fm,F,1965-02-26,88813,deportes
igtrkoatr34,cov56drw2tf,O,2002-07-22,995,"música, deportes, finanzas, literatura, fotografía"
tgnzckctb85,jht17wqm8dt,O,1985-12-09,25318,música
hzjvphwkh52,msp38jhg8sa,M,1984-01-10,73817,"deportes, música, literatura"
ozkgeaujy27,zqm58pff1ry,M,1961-02-23,90807,
xgwfcylon93,ukf02lje4ur,F,1950-06-22,90376,"música, arte, fotografía, tecnología, finanzas"
inleywvaz18,ppt66xyy2qm,F,1977-11-23,77586,finanzas
aqfcljkto56,ovn47hjc9dd,O,1954-12-17,96190,
snshzqlbb64,xke83rwy7xn,O,1979-03-17,13555,"arte, fotografía, deportes, música"
khdpvqrqp20,ham01dte7tr,M,1952-07-06,3124,"deportes, fotografía, arte, literatura, tecnología"
qwbfnyipw63,jal61zzz6fo,M,1977-11-29,90259,"deportes, fotografía"
pjnvajtfh34,hac15snk2um,F,1984-01-11,30583,fotografía
fjxvopsgj07,vcc48xmc0fk,F,2006-07-17,47924,
mldykqhzx00,xih67yvo8zp,O,1959-10-11,93493,"fotografía, tecnología, literatura, deportes, música"
tkdwpomko88,nem57dai8vp,O,1983-07-11,26402,"fotografía, música"
tyyqaqwus62,yai97mhq0bf,M,1960-06-16,31195,"literatura, deportes, tecnología"
uikxzymlh45,oax01mcb7ko,M,1954-11-27,45357,"finanzas, fotografía"
fsurtlbti37,vsn75bxn5by,F,1983-10-16,23790,
jrpiamxsx64,atq78qxn0ro,F,1955-08-18,96487,
adjnvqxar16,ajk36uow2aw,O,1968-05-01,42242,"finanzas, literatura"
jgjonypel18,kek77pph4im,O,1987-11-01,88261,
bugmdabay83,glz38qju4oh,M,1956-07-02,86752,"literatura, finanzas"
tphcazgbt37,gkk34ild1wu,M,1986-04-07,72882,"fotografía, finanzas, literatura, música, arte"
kvrqvdwyi25,zqu50ndn7du,F,1976-05-31,99691,"finanzas, música, arte"
bjqzgczyf91,uxg61ueo6be,F,1989-04-02,34557,"arte, tecnología, música"
qpuuhgagd30,sue29ilr2zw,O,2005-11-30,2325,"fotografía, música, literatura, deportes"
rwtalyltw49,tli20hpg3xm,O,1960-12-15,6642,"finanzas, música, tecnología"
umdnikziw89,ntm09jot4qk,M,1961-04-06,40615,"música, arte"
wmssbvjtw82,avy93lwj4ng,M,1972-12-10,5608,fotografía
wiufsatfg60,gqw34wtc4nx,F,1987-06-16,50621,
ortjuihpc13,nix66pzb6zt,F,2007-02-26,22576,"tecnología, música, fotografía, finanzas"
gocpbaqsq65,uxz36ivl5ml,O,1972-04-04,41379,
cogyzovng92,pnu08kuk7lz,O,1952-03-24,96749,"tecnología, fotografía, literatura, música"
uclgzhgcn85,wks13nru9tz,M,1952-07-06,78168,
dzoonuczu68,qlj12ecm2xe,M,1995-01-09,20068,literatura
gwwsntnth27,mrt76zxg9id,F,1963-05-13,78539,
lkuatlogk40,mvv27ubj9qh,F,2004-11-18,71420,"fotografía, deportes, arte, finanzas, literatura"
ojnyywgax61,ukf99gue5mv,O,1950-05-21,35277,"finanzas, deportes, fotografía"
tqsuspsaf25,wub03abe2dp,O,1966-11-17,97172,"música, arte, literatura, fotografía, deportes"
ncrndrphd08,gzr02wih1wu,M,1977-09-07,28136,
nkpzoqztf64,fmq38wad2qr,M,1963-03-24,33415,"fotografía, deportes, música"
swuzbkzwf64,dce17hwk7sr,F,1963-12-22,23904,
zwztdgpmj43,eyn13tim6wu,F,1965-12-08,42050,"tecnología, arte"
nlfmwhbye07,mlm37wdz2xd,O,1970-12-24,19953,"literatura, tecnología, deportes, arte, finanzas"
ewnayouyc16,twg04sru3lo,O,2003-01-24,91403,"tecnología, música, fotografía"
ikhzjiqto59,hap94rjw3ye,M,1973-12-29,22921,"literatura, fotografía, arte, deportes"
cbwruqppb57,rkd11eoa1bs,M,2006-06-04,34796,
whaoehybx48,emt70ano7xd,F,2008-07-10,15955,"arte, fotografía, deportes, tecnología, finanzas"
fxxsebipb56,ext88ioo5hy,F,1984-03-31,47980,"arte, deportes"
lylgcxjnu01,jmb66dkj7xa,O,1975-11-19,12727,literatura
ifybrqsyw05,rxu71knn6pj,O,1958-01-18,86008,"deportes, literatura, arte, tecnología, música"
aphsmnvva83,xsz88ysp8at,M,1975-06-30,70462,"arte, finanzas"
wutdbveve97,dzy90voh1wu,M,2005-03-28,49235,
dnwzipcyc77,jtd43exv0hy,F,2007-12-22,23688,
khbsxupki68,lfr20pds3we,F,1958-06-11,55499,"finanzas, deportes"
ropfmahus26,owl78hts4ev,O,1950-12-05,18459,"arte, deportes, música, finanzas, tecnología"
cnhmynuaj12,knc64rsy9ts,O,1955-12-22,92280,"arte, finanzas, literatura, música"
xcfkjxqjt56,qya68wum2pj,M,1983-08-04,32027,"deportes, arte, música, finanzas"
tmatbmsvs11,qpo65wmf1gm,M,1981-08-13,2881,"literatura, tecnología, finanzas"
vsxmutxns19,slt93inq5nl,F,1984-10-15,657,literatura
pbgezttvz72,bjs28dvd0vd,F,1986-08-30,14829,arte
xfpovxpwk14,jqi60rxz7ie,O,1998-08-30,17468,"tecnología, música, deportes"
mapfpfdup08,krk43ums9hd,O,1995-03-08,25967,"música, deportes, literatura, tecnología, arte"
buykuxxsz11,srd35qsu9mo,M,1974-01-10,11862,"arte, finanzas"
nugsvffhe66,tfj87zgx5ng,M,1961-06-20,29671,
afwcvwtwz77,ycw19pxb5pq,F,1958-03-11,97528,"tecnología, arte, fotografía, finanzas, música"
kruvapoib60,leb92hav2yi,F,1951-05-21,64361,"tecnología, arte, música, fotografía"
yrrmtjyem86,pvq32ilb1ux,O,2004-07-23,44967,
dvfxkhowo78,wub79qel3sl,O,1968-02-28,84187,
oiejqpqew58,ifj19dwp4dz,M,1983-02-07,43148,
ayvaenqzd45,lot63qbk1fb,M,1978-07-03,51696,
xceofenti27,hlb46lht9dx,F,2000-09-16,40874,"finanzas, fotografía"
jgpidwbod62,wln69gnb8fe,F,1979-07-30,10207,"fotografía, finanzas"
lgfpujivb83,chm44eix7iy,O,1988-10-13,79356,"literatura, música, fotografía, deportes"
ullyshffy72,lcn91alg9ky,O,2002-05-10,68872,fotografía
rdebfybip29,iff11zyx2hc,M,1990-10-09,89969,"música, arte, fotografía"
xgafstlhi33,jbz58kzy7tj,M,1984-12-03,56260,
vyashawzi50,jwu81fmz5sw,F,2009-12-03,7485,"fotografía, deportes, arte, tecnología, música"
oskruwmsn49,mai99qtz9xj,F,1973-09-21,92827,"deportes, literatura, fotografía, finanzas"
uponwqgda43,dte99dxq9ix,O,1970-03-01,50258,"literatura, arte"
xspmmevra19,jpg06mtc7di,O,1979-10-12,51133,"arte, fotografía"
jauxjrbkt25,xjf74ora5kq,M,1962-03-13,66029,"música, tecnología, finanzas, arte"
wzrswoxsw11,euv05jal1zt,M,1994-02-16,94760,"arte, música"
bofjcneiy90,wvd61baa6jr,F,2004-06-22,96455,"fotografía, tecnología, deportes"
jhcstanrr64,rmt79sht5wy,F,1964-12-05,98593,"finanzas, fotografía, arte, tecnología, literatura"
leavatkow48,dai14hns2ah,M,1978-12-01,44755,arte
mdiigpxbj11,uot49hoe9dn,M,1968-08-25,78554,
jbulqmkia38,mjq07elu5wc,F,1990-12-28,88329,finanzas
lmtebjyho57,tbh95vas4fl,F,1989-03-22,90947,"deportes, literatura, tecnología"
pfpysssvw81,etr96jhu0hh,O,1950-08-11,35881,"arte, deportes, música"
bkntsophe10,wpe42wyu1gy,O,1967-10-11,78162,"deportes, literatura, música, fotografía, finanzas"
wvgyqaded92,plf26fqt3uv,M,2000-09-11,86072,"arte, finanzas, tecnología, deportes"
reapslizw16,hta47skn4nr,M,2007-11-14,60941,"deportes, música, finanzas, fotografía"
pguwdoqts35,qfd38okj8sq,F,1981-07-11,70468,
yqgegmisn69,way59qyu0ei,F,2001-08-16,1910,
teljclrhk34,cll38anb5wg,O,1977-08-21,88748,
zvljbzful89,lmp61pic9qq,O,2003-10-05,3970,"deportes, tecnología, arte"
uscmlyoqt98,ajl78ejw3pr,M,1984-03-31,71005,"literatura, tecnología"
qvoadiwuf89,zqx51cky8xg,M,1965-07-14,76970,
mqjzkcbib15,hvu04qep2uz,F,1999-01-13,51271,"fotografía, tecnología, deportes"
usumfidkm31,chs35wsn3vw,F,1978-12-26,97465,arte
xdljolkkz17,tjk46qvn4hk,O,1992-12-25,53341,literatura
kenwtgqwd10,qck25gne3rw,O,1956-02-10,92368,arte
aceqpsvzq40,isf94jdg7zp,M,1994-12-17,6659,
kcdpuxbkb62,har43msh3dp,M,1978-08-28,87612,"tecnología, finanzas, arte, literatura"
vuxzhupsr81,iri65tjk1tt,F,2004-11-21,35775,"finanzas, literatura, arte, fotografía"
cqdwsirul41,vvw90bxg8wl,F,1960-11-18,934,"arte, finanzas, deportes, música"
pxkcxqujr98,hbc50wvj9jf,O,1972-10-11,87316,"música, finanzas"
rlvpagpfg57,hoe17vtn3nb,O,2006-10-10,60893,"arte, literatura, música, finanzas"
yxfmysapl55,ktm84yyk3ep,M,1963-09-18,7417,"música, arte, finanzas, deportes"
znlxuccpb96,mcv42icz1ty,M,2006-06-11,22907,deportes
fholgadqd47,aem42dkv4ez,F,1951-11-22,57738,"tecnología, arte, música"
kpteemioa45,dtj36rdz0np,F,2009-05-10,58272,
ubqkazqyz26,guo71awn9ez,O,1959-06-08,22586,"fotografía, tecnología, literatura"
nblxgvlpo50,vkr81fvz2gt,O,1982-04-08,94120,"fotografía, deportes, finanzas, arte"
oxohtaniy77,gnr11wfj0nv,M,1970-03-12,87496,"deportes, finanzas"
rqaupijvd92,pmc89arg8gt,M,2007-05-26,40153,arte
xohyesdgi16,hap68xex3ti,F,1975-01-08,9836,"literatura, finanzas, tecnología, deportes"
avgqfsiun51,kwh75hwl5rr,F,2009-01-19,59367,"literatura, arte, finanzas"
vvroxtdof07,tcj70iot8ro,O,2003-09-13,11708,"tecnología, deportes, literatura"
tkgmroemr39,umf37mpo5cf,O,1989-10-21,52240,"tecnología, deportes, arte, literatura, finanzas"
bcohaeyvp12,ygk48fye2am,M,1997-09-11,68703,tecnología
vmzypvbam16,iqt68zag1fz,M,1963-10-10,6266,
pgovavhxq70,zfl09ywp0ns,F,1953-11-20,86583,
eozlenrrb82,dkv35bzk0qw,F,1972-10-15,41726,deportes
uxiqlfwjm10,ije11jrs8mc,O,1970-01-20,53637,"música, arte, finanzas, fotografía"
athgkbalv18,ggo63vxj7wk,O,1971-09-09,92143,finanzas
songpccwg07,ojc06klx3yy,M,1975-04-03,78090,"literatura, finanzas, deportes"
mpsyobibf52,fln87oyn9st,M,1973-09-09,8290,"fotografía, arte"
rtfrswpim59,sme30anx1wo,F,1962-11-12,11058,"fotografía, música, literatura"
mthrdfzna12,qso07pus3il,F,1983-06-30,73079,
dzguetnfm81,gtv68wse9qt,O,1986-11-07,85466,finanzas
evyofxbug74,mrd29bnx4rd,O,1979-08-18,54545,
zktycpoqc52,xkx26zvt9qd,M,1983-08-15,52560,arte
lwispmrzm26,fnl63ynr1kq,M,1955-07-09,12846,"tecnología, arte"
xjniucqjq44,dvq32xak7br,F,1956-04-12,78340,
egdfpgith11,gvp38slj5jp,F,1970-05-31,29474,"arte, literatura"
ylifuzsjh96,fxa93ydh9hj,O,1988-07-11,75686,"finanzas, arte, música, deportes"
cbsailydq52,gkq51unh3wu,O,1954-12-26,71606,literatura
wmrqpnhqe40,zgr23bla9ql,M,1964-05-05,24004,"fotografía, finanzas, música, deportes"
dxdkgvqik78,wnp90czs7yo,M,1968-03-25,80073,"literatura, música"
ykqatapwd09,fxh97sgm2jd,F,1953-08-21,2583,"deportes, arte, música"
zdlymbobo53,hes19gzn8jc,F,1986-06-20,16341,"literatura, tecnología, finanzas, fotografía"
btknownct52,fer05tby8qv,O,1966-02-22,82142,"literatura, tecnología, fotografía"
vugimlpdw06,gaw63uhu5wm,O,1987-06-27,57096,"arte, finanzas, tecnología, literatura, deportes"
ielmrgrej22,fif49gec7br,M,1984-02-12,98147,"música, literatura, finanzas, fotografía, deportes"
ltibtlkhd09,srr48qxw4ot,M,2001-01-25,54108,"tecnología, fotografía, deportes, literatura, música"
atrctgflg62,taz54yax2sn,F,1972-01-02,15300,"finanzas, tecnología, arte, literatura"
zzvyymfoa42,plu44ehf5ue,F,2007-08-20,84289,arte
pjfvpspov19,bpn80eqp1wn,O,1989-06-02,78792,"deportes, arte, fotografía, música, tecnología"
vcwvkegfm61,tav66jct2li,O,1982-08-03,99783,"deportes, fotografía, música"
oxogscqeg98,bmz45zst7kt,M,2004-10-21,24670,
sxfkpyufa40,cac82big7xa,M,2008-02-01,82381,"tecnología, música, finanzas"
qrqotenuy87,icc92lhk1cx,F,1979-04-18,43780,"deportes, finanzas, literatura, música, fotografía"
kixnymoip57,xzm65chv6ex,F,1982-05-17,68141,"finanzas, música, tecnología, fotografía, deportes"
sszpdtrqk25,puq37xyo1ua,O,2002-06-19,87375,deportes
ejoaylsig70,npd91pkv5jw,O,1976-08-18,19649,"deportes, tecnología, finanzas, arte, literatura"
arrlqzeas35,ytj67kuy6ly,M,1958-10-13,63262,
uomibuknn34,ezi36pkj5kp,M,2004-07-05,41733,
nvwfyvwqv09,han36ixk5uc,F,1950-05-26,48133,"finanzas, arte, deportes"
qstlllwdm10,rfd31yak4jk,F,2000-11-06,43865,"tecnología, deportes"
ukgbneiwy06,qic30clf1nl,O,1979-12-10,37380,"deportes, arte, música, finanzas"
xwuuxcems44,xhb44nfb1st,O,1979-11-02,49549,"tecnología, literatura, fotografía, deportes"
sadqbawet73,ntd32pvk8yr,M,1990-05-19,47207,fotografía
ggzpzkcbo62,gyx07gyf7yr,M,1952-10-28,64910,"música, deportes, fotografía"
sqfqujuwo04,aku53vah0jb,F,2002-09-04,67020,"arte, tecnología"
ubfbfzgkx86,ivn91svj8qm,F,1990-07-21,15069,"finanzas, fotografía"
tzeemzadz74,vmp69fbq6zn,O,2007-03-05,45568,
onhyusxyz03,gcj88xvw8if,O,1985-04-13,89226,
idbodxxvv65,dvy01yfm6er,M,1954-01-07,23747,música
mtjydqadt47,kcr43zxj0rx,M,1985-01-15,68516,"deportes, fotografía, música, finanzas"
brentfpwn27,ylj22pet3sa,F,1999-06-13,32878,"arte, literatura"
lazocbqrz83,jij78jjo2kw,F,1992-04-19,86405,deportes
yvarffyvl39,fho20rsz6ou,O,1981-07-15,55004,
nzkvrbtrx21,uvr90iyf7uk,O,1982-12-17,54662,"literatura, arte"
xneahtdyi52,xeu76hxw2bb,M,1971-07-19,36510,"deportes, música, arte"
jmfftypza48,oah28trz6zi,M,1961-06-03,33099,
gzkmfginq60,jjq12ydp3eh,F,1970-06-04,97468,"música, arte, tecnología"
obpaspccf82,tzh31tch4nc,F,2004-11-28,8795,"música, literatura, finanzas"
nalfnvdzx07,ijq93ejl2bm,O,1963-02-16,42879,"finanzas, arte, literatura, deportes"
xkyfnxjod43,vif62smt6hd,O,1970-11-10,65215,fotografía
liznxwtrg38,ycj27msk4rf,M,1998-12-05,22513,"deportes, música, fotografía"
cicbsjmkt94,auv93mks3ap,M,2006-10-30,22709,"música, tecnología, arte"
taznapymi99,hxf25gti3cw,F,1954-08-21,99087,"literatura, fotografía, música, tecnología, arte"
zszzgudhd98,tzf55djk4dg,F,1972-08-06,19570,"literatura, tecnología, deportes, arte"